id,date_europe_rome,date_gmt,title,original_url,old_urls,categories,tags,language,attachments,missing,featured_image,content_file
arstechnica-tor2we,2008-12-15 01:00:03,2008-12-15T00:00:03Z,"ArsTechnica, “tor2web brings anonymous Tor sites to the “regular” web”",https://www.hermescenter.org/arstechnica-tor2we/,,News; Press,,EN,0,0,,data/posts/arstechnica-tor2we/content.html
26012011-forbes-globaleaks-wants-to-be-the-bittorrent-to-wikileaks-napster,2011-01-26 13:42:37,2011-01-26T12:42:37Z,"Forbes, GlobaLeaks Wants To Be The Bittorrent To WikiLeaks’ Napster",https://www.hermescenter.org/26012011-forbes-globaleaks-wants-to-be-the-bittorrent-to-wikileaks-napster/,,News; Press,,EN,1,0,,data/posts/26012011-forbes-globaleaks-wants-to-be-the-bittorrent-to-wikileaks-napster/content.html
lastampait-globaleaks-ok,2011-04-22 15:48:06,2011-04-22T13:48:06Z,"LaStampa.it, Globaleaks OK",https://www.hermescenter.org/lastampait-globaleaks-ok/,,News; Press,,?,0,0,,data/posts/lastampait-globaleaks-ok/content.html
e-privacy-il-progetto-globaleaks-una-breve-introduzione,2011-06-03 02:00:59,2011-06-03T00:00:59Z,"e-Privacy, Il  Progetto Globaleaks, una breve introduzione",https://www.hermescenter.org/e-privacy-il-progetto-globaleaks-una-breve-introduzione/,,News; Press,,IT,0,0,,data/posts/e-privacy-il-progetto-globaleaks-una-breve-introduzione/content.html
memeburn-the-other-wikileaks-8-whistleblowing-sites-you-probably-dont-know-about,2011-06-14 14:28:46,2011-06-14T12:28:46Z,"Memeburn, The other WikiLeaks: 8 whistleblowing sites you probably don’t know about",https://www.hermescenter.org/memeburn-the-other-wikileaks-8-whistleblowing-sites-you-probably-dont-know-about/,,News; Press,,EN,0,0,,data/posts/memeburn-the-other-wikileaks-8-whistleblowing-sites-you-probably-dont-know-about/content.html
golem-de-quelloffene-whistleblower-plattform-angekundigt,2011-08-23 02:00:41,2011-08-23T00:00:41Z,"Golem.de, Quelloffene Whistleblower-Plattform angekündigt",https://www.hermescenter.org/golem-de-quelloffene-whistleblower-plattform-angekundigt/,,News; Press,,EN,0,0,,data/posts/golem-de-quelloffene-whistleblower-plattform-angekundigt/content.html
la-stampa-e-nato-globaleaks-org-un-nuovo-sito-per-creare-tanti-wikileaks-a-costo-zero,2011-09-06 02:00:31,2011-09-06T00:00:31Z,"La Stampa, E’ nato Globaleaks.org un nuovo sito per creare tanti Wikileaks a costo zero",https://www.hermescenter.org/la-stampa-e-nato-globaleaks-org-un-nuovo-sito-per-creare-tanti-wikileaks-a-costo-zero/,,News; Press,,IT,0,0,,data/posts/la-stampa-e-nato-globaleaks-org-un-nuovo-sito-per-creare-tanti-wikileaks-a-costo-zero/content.html
punto-informatico-globaleaks-oltre-wikileaks,2011-09-07 15:28:28,2011-09-07T13:28:28Z,"Punto Informatico, Globaleaks, oltre Wikileaks",https://www.hermescenter.org/punto-informatico-globaleaks-oltre-wikileaks/,,News; Press,,IT,0,0,,data/posts/punto-informatico-globaleaks-oltre-wikileaks/content.html
new-america-foundation-new-tools-for-todays-investigative-journalist,2011-10-14 22:21:50,2011-10-14T20:21:50Z,"New America Foundation, New Tools for Today’s Investigative Journalist",https://www.hermescenter.org/new-america-foundation-new-tools-for-todays-investigative-journalist/,,News; Press,,EN,0,0,,data/posts/new-america-foundation-new-tools-for-todays-investigative-journalist/content.html
x-congresso-radicali-italiani-globaleaks,2011-10-30 22:50:20,2011-10-30T21:50:20Z,"X Congresso dei Radicali Italiani,  Globaleaks",https://www.hermescenter.org/x-congresso-radicali-italiani-globaleaks/,,News; Press,,EN,0,0,,data/posts/x-congresso-radicali-italiani-globaleaks/content.html
wired-it-cose-globaleaks-il-tulipano-della-democrazia,2011-11-18 21:31:48,2011-11-18T20:31:48Z,"Wired.it , Cos’è GlobaLeaks, il tulipano della democrazia",https://www.hermescenter.org/wired-it-cose-globaleaks-il-tulipano-della-democrazia/,,News; Press,,IT,0,0,,data/posts/wired-it-cose-globaleaks-il-tulipano-della-democrazia/content.html
think-globaleaks,2011-11-21 22:30:11,2011-11-21T21:30:11Z,"Think! ,  Globaleaks",https://www.hermescenter.org/think-globaleaks/,,News; Press,,EN,0,0,,data/posts/think-globaleaks/content.html
milanox-globaleaks-la-democrazia-dei-whisteblowers,2011-11-22 21:47:37,2011-11-22T20:47:37Z,"MilanoX, GlobaLeaks: la Democrazia dei Whisteblowers",https://www.hermescenter.org/milanox-globaleaks-la-democrazia-dei-whisteblowers/,,News; Press,,IT,0,0,,data/posts/milanox-globaleaks-la-democrazia-dei-whisteblowers/content.html
39th-congress-radical-party-transparency-and-public-disclosure,2011-12-09 23:43:37,2011-12-09T22:43:37Z,"39th Congress Radical Party,  Transparency and Public disclosure",https://www.hermescenter.org/39th-congress-radical-party-transparency-and-public-disclosure/,,News; Press,,EN,0,0,,data/posts/39th-congress-radical-party-transparency-and-public-disclosure/content.html
radio-radicale-globaleaks-la-public-disclosure-oltre-wikileaks,2011-12-11 00:01:24,2011-12-10T23:01:24Z,"Radio Radicale, Globaleaks, la “public disclosure” oltre Wikileaks",https://www.hermescenter.org/radio-radicale-globaleaks-la-public-disclosure-oltre-wikileaks/,,News; Press,,IT,0,0,,data/posts/radio-radicale-globaleaks-la-public-disclosure-oltre-wikileaks/content.html
repubblica-it-hacker-in-campo-contro-i-corrotti-globaleaks-la-denuncia-in-p2p,2012-02-05 21:57:00,2012-02-05T20:57:00Z,"Repubblica.it, Hacker in campo contro i corrotti, GlobaLeaks la denuncia in p2p",https://www.hermescenter.org/repubblica-it-hacker-in-campo-contro-i-corrotti-globaleaks-la-denuncia-in-p2p/,,News; Press,,IT,0,0,,data/posts/repubblica-it-hacker-in-campo-contro-i-corrotti-globaleaks-la-denuncia-in-p2p/content.html
corriere-it-il-software-democratico-che-tutela-le-fonti,2012-04-14 23:08:03,2012-04-14T21:08:03Z,"Corriere.it,  Il software (democratico) che tutela le fonti",https://www.hermescenter.org/corriere-it-il-software-democratico-che-tutela-le-fonti/,,News; Press,,IT,4,0,,data/posts/corriere-it-il-software-democratico-che-tutela-le-fonti/content.html
blog-debiase-com-wikileaks-e-globaleaks,2012-04-28 23:21:47,2012-04-28T21:21:47Z,"blog.debiase.com, Wikileaks e Globaleaks",https://www.hermescenter.org/blog-debiase-com-wikileaks-e-globaleaks/,,News; Press,,IT,0,0,,data/posts/blog-debiase-com-wikileaks-e-globaleaks/content.html
it-lettera-aperta-a-skype-spieghi-se-sono-sicure-le-conversazioni-degli-utenti,2013-01-25 15:34:46,2013-01-25T14:34:46Z,[IT] Lettera aperta a Skype: “Spieghi se sono sicure le conversazioni degli utenti”,https://www.hermescenter.org/it-lettera-aperta-a-skype-spieghi-se-sono-sicure-le-conversazioni-degli-utenti/,,News; Press,,IT,0,0,,data/posts/it-lettera-aperta-a-skype-spieghi-se-sono-sicure-le-conversazioni-degli-utenti/content.html
open-source-anonymous-whistleblowing-platform-globaleaks-reaches-0-2-alpha,2013-05-10 10:31:12,2013-05-10T08:31:12Z,Open source Anonymous Whistleblowing Platform GlobaLeaks reaches 0.2 Alpha,https://www.hermescenter.org/open-source-anonymous-whistleblowing-platform-globaleaks-reaches-0-2-alpha/,,News; Press,,EN,0,0,,data/posts/open-source-anonymous-whistleblowing-platform-globaleaks-reaches-0-2-alpha/content.html
radio3-scienza-il-caso-prism,2013-06-12 17:34:45,2013-06-12T15:34:45Z,"Radio3 Scienza,  Il caso PRISM",https://www.hermescenter.org/radio3-scienza-il-caso-prism/,,News; Press,,IT,0,0,,data/posts/radio3-scienza-il-caso-prism/content.html
disappeared-news-be-the-first-on-your-block-to-offer-leaks-to-the-world,2013-06-13 17:18:10,2013-06-13T15:18:10Z,"Disappeared news,   Be the first on your block to offer leaks to the world",https://www.hermescenter.org/disappeared-news-be-the-first-on-your-block-to-offer-leaks-to-the-world/,,News; Press,,EN,0,0,,data/posts/disappeared-news-be-the-first-on-your-block-to-offer-leaks-to-the-world/content.html
panorama-it-snowden-e-manning-hacker-quasi-eroi,2013-06-14 17:03:04,2013-06-14T15:03:04Z,"Panorama.it, Snowden e Manning, hacker. Quasi eroi.",https://www.hermescenter.org/panorama-it-snowden-e-manning-hacker-quasi-eroi/,,News; Press,,IT,0,0,,data/posts/panorama-it-snowden-e-manning-hacker-quasi-eroi/content.html
wired-guida-per-il-perfetto-whistleblower,2013-06-26 16:43:05,2013-06-26T14:43:05Z,"Wired.it, Guida per il perfetto whistleblower",https://www.hermescenter.org/wired-guida-per-il-perfetto-whistleblower/,,News; Press,,IT,0,0,,data/posts/wired-guida-per-il-perfetto-whistleblower/content.html
skytg24-datagate-il-mondo-delle-spie-visto-da-dentro,2013-07-02 16:05:12,2013-07-02T14:05:12Z,"skyTG24,  Datagate, il mondo delle spie visto da dentro",https://www.hermescenter.org/skytg24-datagate-il-mondo-delle-spie-visto-da-dentro/,,News; Press,,IT,0,0,,data/posts/skytg24-datagate-il-mondo-delle-spie-visto-da-dentro/content.html
corriere-it-quando-lutente-non-si-lascia-spiare,2013-07-02 16:25:21,2013-07-02T14:25:21Z,"Corriere.it, Quando l’utente non si lascia spiare",https://www.hermescenter.org/corriere-it-quando-lutente-non-si-lascia-spiare/,,News; Press,,IT,0,0,,data/posts/corriere-it-quando-lutente-non-si-lascia-spiare/content.html
hermes-center-intervento-whistleblowingitalia-congress-milano,2013-07-10 19:08:45,2013-07-10T17:08:45Z,L’ Hermes Center a Milano il 10 Luglio al WhistleBlowing Italia Congress,https://www.hermescenter.org/hermes-center-intervento-whistleblowingitalia-congress-milano/,,News; Press,,IT,0,0,,data/posts/hermes-center-intervento-whistleblowingitalia-congress-milano/content.html
eticanews-whistleblowing-milano-hermes,2013-07-11 11:43:38,2013-07-11T09:43:38Z,"Eticanews, Whistleblowing, a luglio l’ok di Milano",https://www.hermescenter.org/eticanews-whistleblowing-milano-hermes/,,News; Press,,IT,0,0,,data/posts/eticanews-whistleblowing-milano-hermes/content.html
noisysquare-whistleblowing-revolution-social-technology-and-research-perspectives,2013-08-01 00:05:27,2013-07-31T22:05:27Z,"Noisysquare, Whistleblowing Revolution: Social, Technology and Research Perspectives",https://www.hermescenter.org/noisysquare-whistleblowing-revolution-social-technology-and-research-perspectives/,,News; Press,,EN,0,0,,data/posts/noisysquare-whistleblowing-revolution-social-technology-and-research-perspectives/content.html
hermes-center-publeaks-press-release,2013-09-09 14:27:14,2013-09-09T12:27:14Z,Hermes Center and Publeaks press release September 9th,https://www.hermescenter.org/hermes-center-publeaks-press-release/,,News,,EN,0,0,,data/posts/hermes-center-publeaks-press-release/content.html
hermes-center-publeaks,2013-09-09 14:40:31,2013-09-09T12:40:31Z,Hermes Center annuncia il lancio di Publeaks,https://www.hermescenter.org/hermes-center-publeaks/,,News,,IT,0,0,,data/posts/hermes-center-publeaks/content.html
hermes-center-italy-protect-privacy-against-internet-surveillance,2013-09-23 02:00:14,2013-09-23T00:00:14Z,Hermes Center  calls upon Italy to protect privacy against unchecked internet surveillance,https://www.hermescenter.org/hermes-center-italy-protect-privacy-against-internet-surveillance/,,News,,EN,1,0,,data/posts/hermes-center-italy-protect-privacy-against-internet-surveillance/content.html
hermes-center-invita-italia-proteggere-privacy-sorveglianza-internet,2013-09-23 02:00:32,2013-09-23T00:00:32Z,Hermes Center invita l’Italia a proteggere la propria privacy dalla sorveglianza incontrollata di Internet,https://www.hermescenter.org/hermes-center-invita-italia-proteggere-privacy-sorveglianza-internet/,,News,,IT,0,0,,data/posts/hermes-center-invita-italia-proteggere-privacy-sorveglianza-internet/content.html
irpileaks-whistleblowing-anonimo-giornalismo,2013-10-07 09:27:13,2013-10-07T07:27:13Z,"Nasce IRPILEAKS, prima piattaforma italiana di whistleblowing anonimo a supporto del giornalismo d’inchiesta",https://www.hermescenter.org/irpileaks-whistleblowing-anonimo-giornalismo/,,News,,IT,0,0,,data/posts/irpileaks-whistleblowing-anonimo-giornalismo/content.html
irpileaks-italian-anonymous-leaking-investigative-journalism,2013-10-07 09:29:51,2013-10-07T07:29:51Z,"IRPILEAKS, first Italian platform for anonymous leaking to investigative journalism",https://www.hermescenter.org/irpileaks-italian-anonymous-leaking-investigative-journalism/,,News,,EN,0,0,,data/posts/irpileaks-italian-anonymous-leaking-investigative-journalism/content.html
nawaatleaks-whistleblowing-hermes,2014-03-29 01:50:51,2014-03-29T00:50:51Z,"Nasce Nawaatleaks, la prima iniziativa di whistleblowing del mondo arabo",https://www.hermescenter.org/nawaatleaks-whistleblowing-hermes/,,News,,IT,0,0,,data/posts/nawaatleaks-whistleblowing-hermes/content.html
expoleaks-expo2015-whistleblowing-trasparenza,2014-06-10 16:38:36,2014-06-10T14:38:36Z,Al via ExpoLeaks  la prima piattaforma per la trasparenza di Expo 2015,https://www.hermescenter.org/expoleaks-expo2015-whistleblowing-trasparenza/,,News,,IT,0,0,,data/posts/expoleaks-expo2015-whistleblowing-trasparenza/content.html
expoleaks-whistleblowing-expo2015,2014-06-10 17:07:48,2014-06-10T15:07:48Z,"ExpoLeaks, the first whistleblowing platform for Expo 2015",https://www.hermescenter.org/expoleaks-whistleblowing-expo2015/,,News,,EN,0,0,,data/posts/expoleaks-whistleblowing-expo2015/content.html
globaleaks-python-coders,2014-09-24 10:10:46,2014-09-24T08:10:46Z,Globaleaks needs YOU: python coders,https://www.hermescenter.org/globaleaks-python-coders/,,News,,EN,0,0,,data/posts/globaleaks-python-coders/content.html
alac-anticorruzione-whistleblowing-hermes,2014-10-14 16:54:42,2014-10-14T14:54:42Z,Nasce il portale ‘allerta anticorruzione - ALAC’,https://www.hermescenter.org/alac-anticorruzione-whistleblowing-hermes/,,News,,IT,0,0,,data/posts/alac-anticorruzione-whistleblowing-hermes/content.html
e-privacy-2014-internet-delle-cose,2014-10-15 16:36:59,2014-10-15T14:36:59Z,E-PRIVACY 2014 - INTERNET DELLE COSE,https://www.hermescenter.org/e-privacy-2014-internet-delle-cose/,,News,,IT,2,0,,data/posts/e-privacy-2014-internet-delle-cose/content.html
consultazione-anac-sul-whistleblowing-posizione-del-centro-hermes,2015-03-16 10:13:07,2015-03-16T09:13:07Z,Consultazione ANAC sul Whistleblowing: Posizione del Centro Hermes,https://www.hermescenter.org/consultazione-anac-sul-whistleblowing-posizione-del-centro-hermes/,,News; Press,,IT,2,0,,data/posts/consultazione-anac-sul-whistleblowing-posizione-del-centro-hermes/content.html
workshop-vicinolontano-maggio-2015-udine,2015-05-21 13:06:53,2015-05-21T11:06:53Z,"Workshop Vicino/Lontano (maggio 2015, Udine)",https://www.hermescenter.org/workshop-vicinolontano-maggio-2015-udine/,,News,,IT,1,2,,data/posts/workshop-vicinolontano-maggio-2015-udine/content.html
open-call-for-globaleaks-developers,2015-08-23 12:03:21,2015-08-23T10:03:21Z,Open Call for GlobaLeaks Developers,https://www.hermescenter.org/open-call-for-globaleaks-developers/,,News,,EN,2,0,,data/posts/open-call-for-globaleaks-developers/content.html
cerchiamo-sviluppatori-per-software-libero-globaleaks,2015-08-23 12:12:48,2015-08-23T10:12:48Z,Cerchiamo Sviluppatori per Software Libero GlobaLeaks,https://www.hermescenter.org/cerchiamo-sviluppatori-per-software-libero-globaleaks/,,News,,IT,1,0,,data/posts/cerchiamo-sviluppatori-per-software-libero-globaleaks/content.html
lettera-di-supporto-contro-la-sorveglianza-politica-operata-dal-governo-ecuadoriano,2015-09-10 15:57:55,2015-09-10T13:57:55Z,Lettera di supporto contro la sorveglianza politica operata dal governo Ecuadoriano,https://www.hermescenter.org/lettera-di-supporto-contro-la-sorveglianza-politica-operata-dal-governo-ecuadoriano/,,Press,,IT,0,0,,data/posts/lettera-di-supporto-contro-la-sorveglianza-politica-operata-dal-governo-ecuadoriano/content.html
e-privacy-2015-captatori-informatici-e-societa-civile-una-convivenza-possibile,2015-10-12 04:52:37,2015-10-12T02:52:37Z,E-PRIVACY 2015 - Captatori Informatici e società civile:  una convivenza possibile?,https://www.hermescenter.org/e-privacy-2015-captatori-informatici-e-societa-civile-una-convivenza-possibile/,,News; Press,,IT,2,0,,data/posts/e-privacy-2015-captatori-informatici-e-societa-civile-una-convivenza-possibile/content.html
e-privacy-xx-edizione,2016-10-26 18:02:09,2016-10-26T16:02:09Z,E-Privacy XX Edizione: Privacy ed Antiterrorismo,https://www.hermescenter.org/e-privacy-xx-edizione/,,News; Press,,IT,0,0,,data/posts/e-privacy-xx-edizione/content.html
consultazione-anac-sul-foia-posizione-del-centro-hermes,2016-11-28 08:13:10,2016-11-28T07:13:10Z,Consultazione ANAC sul FOIA: Posizione del Centro Hermes,https://www.hermescenter.org/consultazione-anac-sul-foia-posizione-del-centro-hermes/,,News; Press,,IT,1,0,,data/posts/consultazione-anac-sul-foia-posizione-del-centro-hermes/content.html
globaleaks-hermes-center-project-concept-note-innovate-africa-fund,2017-01-02 13:38:19,2017-01-02T12:38:19Z,GlobaLeaks-Hermes Concept Note Shortlisted by Innovate AFRICA Fund,https://www.hermescenter.org/globaleaks-hermes-center-project-concept-note-innovate-africa-fund/,,News,,EN,0,0,,data/posts/globaleaks-hermes-center-project-concept-note-innovate-africa-fund/content.html
sorveglianza-abbiamo-chiesto-il-riesame-della-nostra-richiesta-di-accesso-al-mise,2017-05-30 10:27:40,2017-05-30T08:27:40Z,Sorveglianza: abbiamo chiesto il riesame della nostra richiesta di accesso al MISE,https://www.hermescenter.org/sorveglianza-abbiamo-chiesto-il-riesame-della-nostra-richiesta-di-accesso-al-mise/,,News; Press,,IT,1,0,,data/posts/sorveglianza-abbiamo-chiesto-il-riesame-della-nostra-richiesta-di-accesso-al-mise/content.html
conservazione-indiscriminata-dei-dati-per-6-anni,2017-07-23 11:10:12,2017-07-23T09:10:12Z,Conservazione indiscriminata dei dati per 6 anni,https://www.hermescenter.org/conservazione-indiscriminata-dei-dati-per-6-anni/,,News; Press,,IT,2,0,,data/posts/conservazione-indiscriminata-dei-dati-per-6-anni/content.html
appello-del-centro-hermes-ad-anac-per-la-tecnologia-di-whistleblowing-open-source,2017-07-24 11:00:50,2017-07-24T09:00:50Z,Appello del Centro Hermes ad ANAC per la Tecnologia di Whistleblowing open-source,https://www.hermescenter.org/appello-del-centro-hermes-ad-anac-per-la-tecnologia-di-whistleblowing-open-source/,,News; Press,,IT,0,0,,data/posts/appello-del-centro-hermes-ad-anac-per-la-tecnologia-di-whistleblowing-open-source/content.html
digital-whistleblowing-fund,2017-08-29 14:43:20,2017-08-29T12:43:20Z,Digital Whistleblowing Fund,https://www.hermescenter.org/digital-whistleblowing-fund/,,News,,EN,2,0,,data/posts/digital-whistleblowing-fund/content.html
eu-fine-fine-tracking-online-cookies,2017-10-11 17:17:01,2017-10-11T15:17:01Z,Chiediamo all’Europa di mettere fine al tracking online,https://www.hermescenter.org/eu-fine-fine-tracking-online-cookies/,,News; Press,,IT,0,0,,data/posts/eu-fine-fine-tracking-online-cookies/content.html
le-richieste-foia-sul-voto-elettronico-lombardia-2017,2017-10-23 13:39:54,2017-10-23T11:39:54Z,Le richieste FOIA sul Voto Elettronico Lombardia 2017,https://www.hermescenter.org/le-richieste-foia-sul-voto-elettronico-lombardia-2017/,,News; Press,,IT,13,1,,data/posts/le-richieste-foia-sul-voto-elettronico-lombardia-2017/content.html
centro-hermes-dig-festival-cybersecurity-giornalisti-slide,2017-11-06 23:38:21,2017-11-06T22:38:21Z,Il Centro Hermes al DIG Festival per la cybersecurity dei giornalisti (con slide),https://www.hermescenter.org/centro-hermes-dig-festival-cybersecurity-giornalisti-slide/,,News,,IT,0,0,,data/posts/centro-hermes-dig-festival-cybersecurity-giornalisti-slide/content.html
il-centro-hermes-ha-partecipato-al-linux-day-2017-pavia,2017-11-09 09:42:21,2017-11-09T08:42:21Z,Il centro Hermes ha partecipato al Linux Day 2017 a Pavia,https://www.hermescenter.org/il-centro-hermes-ha-partecipato-al-linux-day-2017-pavia/,,News,,IT,0,1,,data/posts/il-centro-hermes-ha-partecipato-al-linux-day-2017-pavia/content.html
google-iot-coming-research-production-promotion-policy-advice-impact-privacy-connected-smart-objects,2017-11-14 17:19:23,2017-11-14T16:19:23Z,"A Google of IoT is coming? Research, production and promotion of a Policy Advice for the impact on privacy of connected smart objects",https://www.hermescenter.org/google-iot-coming-research-production-promotion-policy-advice-impact-privacy-connected-smart-objects/,,News; Press,,EN,0,0,,data/posts/google-iot-coming-research-production-promotion-policy-advice-impact-privacy-connected-smart-objects/content.html
riforma-europea-del-copyright-filtri-automatici-per-gli-upload-mettono-pericolo-la-nostra-democrazia,2017-11-17 13:35:05,2017-11-17T12:35:05Z,Riforma europea del copyright: i filtri automatici per gli upload mettono in pericolo la nostra democrazia,https://www.hermescenter.org/riforma-europea-del-copyright-filtri-automatici-per-gli-upload-mettono-pericolo-la-nostra-democrazia/,,News; Press,,IT,2,0,,data/posts/riforma-europea-del-copyright-filtri-automatici-per-gli-upload-mettono-pericolo-la-nostra-democrazia/content.html
xnet-warns-whistleblowers-aware-fake-anonymous-whistleblowing-boxes,2017-12-01 09:46:01,2017-12-01T08:46:01Z,Xnet Warns Whistleblowers: Beware of Fake Anonymous Whistleblowing Boxes,https://www.hermescenter.org/xnet-warns-whistleblowers-aware-fake-anonymous-whistleblowing-boxes/,,News,,EN,1,0,,data/posts/xnet-warns-whistleblowers-aware-fake-anonymous-whistleblowing-boxes/content.html
net-neutrality-device-neutrality,2017-12-04 14:18:32,2017-12-04T13:18:32Z,"After Net Neutrality, Device Neutrality",https://www.hermescenter.org/net-neutrality-device-neutrality/,,News; Press,,EN,1,0,,data/posts/net-neutrality-device-neutrality/content.html
profilazione-massiva-internet-italia-intervenga-il-garante,2018-01-22 11:52:29,2018-01-22T10:52:29Z,Profilazione massiva internet in Italia: Intervenga il Garante!,https://www.hermescenter.org/profilazione-massiva-internet-italia-intervenga-il-garante/,,News; Press,,IT,1,0,,data/posts/profilazione-massiva-internet-italia-intervenga-il-garante/content.html
europols-foia-data-retention-carrier-grade-nat,2018-01-22 12:01:31,2018-01-22T11:01:31Z,Europol’s FOIA on Data Retention with Carrier Grade NAT,https://www.hermescenter.org/europols-foia-data-retention-carrier-grade-nat/,,News; Press,,EN,0,0,,data/posts/europols-foia-data-retention-carrier-grade-nat/content.html
whistleblowing-digitale-master-anticorruzione-alla-universita-tor-vergata-transparencyinternational-anac-riparteilfuturo-cortedicassazione,2018-02-18 12:40:52,2018-02-18T11:40:52Z,Whistleblowing Digitale Master Anticorruzione alla Università Tor Vergata,https://www.hermescenter.org/whistleblowing-digitale-master-anticorruzione-alla-universita-tor-vergata-transparencyinternational-anac-riparteilfuturo-cortedicassazione/,,News,,IT,0,1,,data/posts/whistleblowing-digitale-master-anticorruzione-alla-universita-tor-vergata-transparencyinternational-anac-riparteilfuturo-cortedicassazione/content.html
il-ruolo-del-whistleblowing-nella-cybersecurity-27001,2018-02-26 13:50:48,2018-02-26T12:50:48Z,Il Ruolo del Whistleblowing nella CyberSecurity,https://www.hermescenter.org/il-ruolo-del-whistleblowing-nella-cybersecurity-27001/,,News; Press,,IT,1,1,,data/posts/il-ruolo-del-whistleblowing-nella-cybersecurity-27001/content.html
il-piu-grande-filtro-internet-che-leuropa-abbia-mai-visto-realizzare,2018-02-28 11:32:26,2018-02-28T10:32:26Z,Il più grande filtro internet che l’Europa abbia mai visto realizzare,https://www.hermescenter.org/il-piu-grande-filtro-internet-che-leuropa-abbia-mai-visto-realizzare/,,News; Press,,IT,0,0,,data/posts/il-piu-grande-filtro-internet-che-leuropa-abbia-mai-visto-realizzare/content.html
software-di-whistleblowing-digitale-globaleaks-al-merge-it,2018-03-26 10:07:34,2018-03-26T08:07:34Z,Software di Whistleblowing Digitale GlobaLeaks al MERGE-IT,https://www.hermescenter.org/software-di-whistleblowing-digitale-globaleaks-al-merge-it/,,News,,IT,0,0,,data/posts/software-di-whistleblowing-digitale-globaleaks-al-merge-it/content.html
announcement-hermes-center-members-and-fellows-participate-at-the-international-journalism-festival-2018-ijf18,2018-04-09 23:06:51,2018-04-09T21:06:51Z,Announcement: Hermes Center members and fellows participate at the International Journalism Festival 2018 #ijf18,https://www.hermescenter.org/announcement-hermes-center-members-and-fellows-participate-at-the-international-journalism-festival-2018-ijf18/,,News,,EN,1,0,,data/posts/announcement-hermes-center-members-and-fellows-participate-at-the-international-journalism-festival-2018-ijf18/content.html
centro-hermes-partecipa-a-consultazione-su-acquisizione-e-riuso-di-software-con-riferimento-al-whistleblowing-anticorruzione,2018-05-06 12:58:12,2018-05-06T10:58:12Z,Centro Hermes partecipa a Consultazione su acquisizione e riuso di software con riferimento al Whistleblowing Anticorruzione,https://www.hermescenter.org/centro-hermes-partecipa-a-consultazione-su-acquisizione-e-riuso-di-software-con-riferimento-al-whistleblowing-anticorruzione/,,News; Press,,IT,0,0,,data/posts/centro-hermes-partecipa-a-consultazione-su-acquisizione-e-riuso-di-software-con-riferimento-al-whistleblowing-anticorruzione/content.html
con-i-filtri-di-internet-proposti-i-cittadini-saranno-spogliati-dei-loro-diritti-e-necessario-un-tuo-intervento,2018-06-13 17:50:56,2018-06-13T15:50:56Z,Con i filtri di internet proposti i cittadini saranno spogliati dei loro diritti: è necessario un tuo intervento!,https://www.hermescenter.org/con-i-filtri-di-internet-proposti-i-cittadini-saranno-spogliati-dei-loro-diritti-e-necessario-un-tuo-intervento/,,News; Press,,IT,0,0,,data/posts/con-i-filtri-di-internet-proposti-i-cittadini-saranno-spogliati-dei-loro-diritti-e-necessario-un-tuo-intervento/content.html
con-i-filtri-internet-proposti-le-piattaforme-si-rivolteranno-contro-gli-utenti-bisogna-entrare-in-azione,2018-06-18 16:46:00,2018-06-18T14:46:00Z,Con i filtri internet proposti le piattaforme si rivolteranno contro gli utenti: bisogna entrare in azione!,https://www.hermescenter.org/con-i-filtri-internet-proposti-le-piattaforme-si-rivolteranno-contro-gli-utenti-bisogna-entrare-in-azione/,,News; Press,,IT,0,0,,data/posts/con-i-filtri-internet-proposti-le-piattaforme-si-rivolteranno-contro-gli-utenti-bisogna-entrare-in-azione/content.html
il-filtro-internet-europeo-distruggera-la-tua-liberta-di-espressione-serve-il-tuo-intervento,2018-06-19 15:54:04,2018-06-19T13:54:04Z,Il filtro internet europeo distruggerà la tua libertà di espressione: serve il tuo intervento!,https://www.hermescenter.org/il-filtro-internet-europeo-distruggera-la-tua-liberta-di-espressione-serve-il-tuo-intervento/,,News; Press,,IT,0,0,,data/posts/il-filtro-internet-europeo-distruggera-la-tua-liberta-di-espressione-serve-il-tuo-intervento/content.html
i-legislatori-europei-vogliono-governare-internet-con-filtri-tuttaltro-che-perfetti-serve-il-tuo-intervento,2018-06-19 15:55:31,2018-06-19T13:55:31Z,I legislatori europei vogliono governare internet con filtri tutt’altro che perfetti: serve il tuo intervento!,https://www.hermescenter.org/i-legislatori-europei-vogliono-governare-internet-con-filtri-tuttaltro-che-perfetti-serve-il-tuo-intervento/,,News; Press,,IT,0,0,,data/posts/i-legislatori-europei-vogliono-governare-internet-con-filtri-tuttaltro-che-perfetti-serve-il-tuo-intervento/content.html
data-retention-hermes-center-si-unisce-ad-oltre-60-ong-nellinvio-di-denunce-contro-la-conservazione-illegale-di-dati,2018-06-25 13:46:09,2018-06-25T11:46:09Z,Data Retention: Hermes Center si unisce ad oltre 60 ONG nell’invio di denunce contro la conservazione illegale di dati,https://www.hermescenter.org/data-retention-hermes-center-si-unisce-ad-oltre-60-ong-nellinvio-di-denunce-contro-la-conservazione-illegale-di-dati/,,News; Press,,IT,1,0,,data/posts/data-retention-hermes-center-si-unisce-ad-oltre-60-ong-nellinvio-di-denunce-contro-la-conservazione-illegale-di-dati/content.html
whistleblowingpa,2018-10-01 12:00:39,2018-10-01T10:00:39Z,Il software libero e open source GlobaLeaks fornito gratuitamente agli enti pubblici: nasce WhistleblowingPA,https://www.hermescenter.org/whistleblowingpa/,,News,,IT,0,0,,data/posts/whistleblowingpa/content.html
15-novembre-2018-un-anno-dallapprovazione-della-legge-sul-whistleblowing-in-italia,2018-11-15 11:47:23,2018-11-15T10:47:23Z,15 novembre 2018: un anno dall’approvazione della legge sul whistleblowing in Italia,https://www.hermescenter.org/15-novembre-2018-un-anno-dallapprovazione-della-legge-sul-whistleblowing-in-italia/,,News; Press,,IT,0,0,,data/posts/15-novembre-2018-un-anno-dallapprovazione-della-legge-sul-whistleblowing-in-italia/content.html
digital-whistleblowing-fund-new-grant-program-to-support-whistleblowing-initiatives,2018-11-15 12:07:50,2018-11-15T11:07:50Z,Digital Whistleblowing Fund: New Grant Program To Support Whistleblowing Initiatives,https://www.hermescenter.org/digital-whistleblowing-fund-new-grant-program-to-support-whistleblowing-initiatives/,,News,,EN,0,0,,data/posts/digital-whistleblowing-fund-new-grant-program-to-support-whistleblowing-initiatives/content.html
regolamento-sui-contenuti-terroristici-associazioni-per-i-diritti-civili-sollevano-preoccupazioni-importanti,2018-12-06 12:43:26,2018-12-06T11:43:26Z,Regolamento sui contenuti terroristici: associazioni per i diritti civili sollevano preoccupazioni importanti,https://www.hermescenter.org/regolamento-sui-contenuti-terroristici-associazioni-per-i-diritti-civili-sollevano-preoccupazioni-importanti/,,News; Press,,IT,1,0,,data/posts/regolamento-sui-contenuti-terroristici-associazioni-per-i-diritti-civili-sollevano-preoccupazioni-importanti/content.html
gruppi-di-consumatori-ong-e-industrie-chiedono-congiuntamente-al-consiglio-dellue-di-promuovere-la-riforma-eprivacy,2018-12-06 12:46:49,2018-12-06T11:46:49Z,"Gruppi di consumatori, ONG e industrie chiedono congiuntamente al Consiglio dell’UE di promuovere la riforma ePrivacy",https://www.hermescenter.org/gruppi-di-consumatori-ong-e-industrie-chiedono-congiuntamente-al-consiglio-dellue-di-promuovere-la-riforma-eprivacy/,,News; Press,,IT,1,0,,data/posts/gruppi-di-consumatori-ong-e-industrie-chiedono-congiuntamente-al-consiglio-dellue-di-promuovere-la-riforma-eprivacy/content.html
lettera-aperta-al-mise-per-garantire-la-corretta-finalizzazione-del-regolamento-europeo-eprivacy,2018-12-21 14:53:16,2018-12-21T13:53:16Z,Lettera aperta al MISE per garantire la corretta finalizzazione del regolamento europeo ePrivacy,https://www.hermescenter.org/lettera-aperta-al-mise-per-garantire-la-corretta-finalizzazione-del-regolamento-europeo-eprivacy/,,News; Press,,IT,2,0,,data/posts/lettera-aperta-al-mise-per-garantire-la-corretta-finalizzazione-del-regolamento-europeo-eprivacy/content.html
anac-ed-openwhistleblowing,2019-01-16 00:04:27,2019-01-15T23:04:27Z,ANAC ed OpenWhistleblowing,https://www.hermescenter.org/anac-ed-openwhistleblowing/,,News; Press,,IT,2,0,,data/posts/anac-ed-openwhistleblowing/content.html
lettera-aperta-per-richiedere-la-soppressione-degli-articoli-11-e-13-della-direttiva-europea-sul-copyright,2019-01-29 11:37:05,2019-01-29T10:37:05Z,Lettera aperta per richiedere la soppressione degli articoli 11 e 13 della direttiva europea sul copyright,https://www.hermescenter.org/lettera-aperta-per-richiedere-la-soppressione-degli-articoli-11-e-13-della-direttiva-europea-sul-copyright/,,News; Press,,IT,3,0,,data/posts/lettera-aperta-per-richiedere-la-soppressione-degli-articoli-11-e-13-della-direttiva-europea-sul-copyright/content.html
lettera-aperta-sul-database-per-i-contenuti-terroristici,2019-02-06 12:28:49,2019-02-06T11:28:49Z,Lettera aperta sul database per i contenuti terroristici,https://www.hermescenter.org/lettera-aperta-sul-database-per-i-contenuti-terroristici/,,News; Press,,IT,1,0,,data/posts/lettera-aperta-sul-database-per-i-contenuti-terroristici/content.html
e-ora-di-chiamare-i-nostri-parlamentari-per-bloccare-larticolo-13-della-direttiva-copyright,2019-03-07 15:32:07,2019-03-07T14:32:07Z,È ora di chiamare i nostri parlamentari per bloccare l’articolo 13 della direttiva copyright,https://www.hermescenter.org/e-ora-di-chiamare-i-nostri-parlamentari-per-bloccare-larticolo-13-della-direttiva-copyright/,,News; Press,,IT,2,0,,data/posts/e-ora-di-chiamare-i-nostri-parlamentari-per-bloccare-larticolo-13-della-direttiva-copyright/content.html
mancanza-di-una-vision-tecnologica-a-supporto-del-foia,2019-03-13 12:17:16,2019-03-13T11:17:16Z,Mancanza di una vision tecnologica a supporto del FOIA,https://www.hermescenter.org/mancanza-di-una-vision-tecnologica-a-supporto-del-foia/,,News,,IT,1,0,,data/posts/mancanza-di-una-vision-tecnologica-a-supporto-del-foia/content.html
unitevi-allaction-week-nella-settimana-decisiva-contro-larticolo-13,2019-03-18 03:50:59,2019-03-18T02:50:59Z,Unitevi all’Action Week nella settimana decisiva contro l’Articolo 13,https://www.hermescenter.org/unitevi-allaction-week-nella-settimana-decisiva-contro-larticolo-13/,,News; Press,,IT,2,0,,data/posts/unitevi-allaction-week-nella-settimana-decisiva-contro-larticolo-13/content.html
digital-whistleblowing-fund-call-for-applications-round-2,2019-07-01 12:16:24,2019-07-01T10:16:24Z,Digital Whistleblowing Fund: Call for applications (Round 2),https://www.hermescenter.org/digital-whistleblowing-fund-call-for-applications-round-2/,,News,Digital Whistleblowing Fund; GlobaLeaks; funding; gender-based violence; grant; migrants; minorities; refugees; whistleblowing; whistleblowingfund,EN,1,0,,data/posts/digital-whistleblowing-fund-call-for-applications-round-2/content.html
conferenza-win-sul-whistleblowing-quali-best-practice-per-la-protezione-dei-segnalanti,2019-09-25 11:21:50,2019-09-25T09:21:50Z,Conferenza WIN sul whistleblowing: quali best practice per la protezione dei segnalanti?,https://www.hermescenter.org/conferenza-win-sul-whistleblowing-quali-best-practice-per-la-protezione-dei-segnalanti/,,News,GlobaLeaks; whistleblowing,IT,2,0,,data/posts/conferenza-win-sul-whistleblowing-quali-best-practice-per-la-protezione-dei-segnalanti/content.html
il-software-globaleaks-festeggia-il-primo-anno-a-supporto-del-whistleblowing-anonimo-nella-pa,2019-10-01 11:02:47,2019-10-01T09:02:47Z,Il software GlobaLeaks festeggia il primo anno a supporto del whistleblowing anonimo nella PA,https://www.hermescenter.org/il-software-globaleaks-festeggia-il-primo-anno-a-supporto-del-whistleblowing-anonimo-nella-pa/,,News,#HermesCenter; #WhistleblowingPA; GlobaLeaks; whistleblowing,IT,1,0,,data/posts/il-software-globaleaks-festeggia-il-primo-anno-a-supporto-del-whistleblowing-anonimo-nella-pa/content.html
il-progetto-eat-e-realta-10-paesi-europei-avranno-una-piattaforma-sicura-e-anonima-per-il-whistleblowing-basata-su-globaleaks,2019-10-10 12:11:39,2019-10-10T10:11:39Z,Il progetto EAT è realtà! 10 paesi europei avranno una piattaforma sicura e anonima per il whistleblowing basata su GlobaLeaks,https://www.hermescenter.org/il-progetto-eat-e-realta-10-paesi-europei-avranno-una-piattaforma-sicura-e-anonima-per-il-whistleblowing-basata-su-globaleaks/,,News,#anonymity; #europe; #transparencyinternational; GlobaLeaks; whistleblowing,IT,1,0,,data/posts/il-progetto-eat-e-realta-10-paesi-europei-avranno-una-piattaforma-sicura-e-anonima-per-il-whistleblowing-basata-su-globaleaks/content.html
regeni-globaleaks-software-anonimo-inchiesta-repubblica,2019-11-27 10:16:57,2019-11-27T09:16:57Z,Caso Regeni: GlobaLeaks è il software anonimo utilizzato nell’inchiesta di Repubblica,https://www.hermescenter.org/regeni-globaleaks-software-anonimo-inchiesta-repubblica/,,News,#regeni; #repubblica; #tor; GlobaLeaks,IT,0,0,,data/posts/regeni-globaleaks-software-anonimo-inchiesta-repubblica/content.html
risposta-alla-consultazione-su-piano-anticorruzione-del-comune-di-roma,2020-01-03 18:32:58,2020-01-03T17:32:58Z,Risposta alla Consultazione su Piano Anticorruzione del Comune di Roma,https://www.hermescenter.org/risposta-alla-consultazione-su-piano-anticorruzione-del-comune-di-roma/,,News,,IT,2,0,,data/posts/risposta-alla-consultazione-su-piano-anticorruzione-del-comune-di-roma/content.html
direttiva-copyright-lettera-aperta-linee-guida,2020-01-15 16:11:21,2020-01-15T15:11:21Z,Copyright: chiediamo più trasparenza nell’implementazione delle linee guida,https://www.hermescenter.org/direttiva-copyright-lettera-aperta-linee-guida/,,News; Press,Europea Commission; copyright; edri; uploadFilters,IT,2,0,,data/posts/direttiva-copyright-lettera-aperta-linee-guida/content.html
whistleblowing-un-impegno-comune-per-recepire-e-applicare-la-direttiva-europea-importante-tutelare-anche-chi-sta-attorno-ai-segnalanti-e-cioe-i-media-,2020-02-13 15:17:29,2020-02-13T14:17:29Z,"Whistleblowing: un impegno comune per recepire e applicare la Direttiva europea. Importante tutelare anche chi sta attorno ai segnalanti, e cioè i media e la società civile",https://www.hermescenter.org/whistleblowing-un-impegno-comune-per-recepire-e-applicare-la-direttiva-europea-importante-tutelare-anche-chi-sta-attorno-ai-segnalanti-e-cioe-i-media-e-la-societa-civile/,,News; Press,,IT,1,0,,data/posts/whistleblowing-un-impegno-comune-per-recepire-e-applicare-la-direttiva-europea-importante-tutelare-anche-chi-sta-attorno-ai-segnalanti-e-cioe-i-media-/content.html
hermes-governo-emergenza-covid19-rispetto-privacy-diritti-umani,2020-03-25 13:08:57,2020-03-25T12:08:57Z,Il Centro Hermes chiede al governo una risposta all’emergenza COVID-19 nel pieno rispetto dei diritti umani,https://www.hermescenter.org/hermes-governo-emergenza-covid19-rispetto-privacy-diritti-umani/,,News; Press,,IT,2,0,,data/posts/hermes-governo-emergenza-covid19-rispetto-privacy-diritti-umani/content.html
lettera-aperta-la-societa-civile-esorta-gli-stati-membri-a-rispettare-i-principi-di-legge-nel-regolamento-online-sui-contenuti-terroristici,2020-03-27 13:39:12,2020-03-27T12:39:12Z,Lettera aperta: la società civile esorta gli Stati membri a rispettare i principi di legge nel regolamento online sui contenuti terroristici,https://www.hermescenter.org/lettera-aperta-la-societa-civile-esorta-gli-stati-membri-a-rispettare-i-principi-di-legge-nel-regolamento-online-sui-contenuti-terroristici/,,News; Press,,IT,1,0,,data/posts/lettera-aperta-la-societa-civile-esorta-gli-stati-membri-a-rispettare-i-principi-di-legge-nel-regolamento-online-sui-contenuti-terroristici/content.html
dichiarazione-societa-civile-sorveglianza-digitale-pandemia-diritti-umani,2020-04-02 12:27:16,2020-04-02T10:27:16Z,Dichiarazione congiunta della società civile: Gli Stati che utilizzano le tecnologie di sorveglianza digitale per combattere la pandemia devono rispettare i diritti umani,https://www.hermescenter.org/dichiarazione-societa-civile-sorveglianza-digitale-pandemia-diritti-umani/,,News; Press,,IT,5,0,,data/posts/dichiarazione-societa-civile-sorveglianza-digitale-pandemia-diritti-umani/content.html
supporting-diverse-initiatives-in-europe-through-the-use-of-secure-whistleblowing-platforms,2020-06-18 17:05:17,2020-06-18T15:05:17Z,Supporting diverse initiatives in Europe through the use of secure whistleblowing platforms,https://www.hermescenter.org/supporting-diverse-initiatives-in-europe-through-the-use-of-secure-whistleblowing-platforms/,,News,,EN,3,0,,data/posts/supporting-diverse-initiatives-in-europe-through-the-use-of-secure-whistleblowing-platforms/content.html
digital-whistleblowing-fund-call-for-applications-round-3,2020-06-22 13:27:07,2020-06-22T11:27:07Z,Digital Whistleblowing Fund: Call for applications (Round 3),https://www.hermescenter.org/digital-whistleblowing-fund-call-for-applications-round-3/,,News,,EN,1,0,,data/posts/digital-whistleblowing-fund-call-for-applications-round-3/content.html
anac-e-hermes-center-risolvono-una-controversia-sullapplicazione-della-licenza-agpl-al-software-openwhistleblowing,2020-10-09 10:05:43,2020-10-09T08:05:43Z,ANAC e Hermes Center risolvono una controversia sull’applicazione della licenza AGPL al software OpenWhistleblowing,https://www.hermescenter.org/anac-e-hermes-center-risolvono-una-controversia-sullapplicazione-della-licenza-agpl-al-software-openwhistleblowing/,,News; Press,,IT,0,0,,data/posts/anac-e-hermes-center-risolvono-una-controversia-sullapplicazione-della-licenza-agpl-al-software-openwhistleblowing/content.html
programmi-aiuto-eu-esportano-sorveglianza-privacy-international,2020-11-11 15:18:37,2020-11-11T14:18:37Z,I programmi di aiuto dell’UE esportano la sorveglianza,https://www.hermescenter.org/programmi-aiuto-eu-esportano-sorveglianza-privacy-international/,,News; Press,,IT,1,0,,data/posts/programmi-aiuto-eu-esportano-sorveglianza-privacy-international/content.html
lancio-campagna-reclaimyourface,2020-11-12 09:35:34,2020-11-12T08:35:34Z,Siamo qui per riprenderci la faccia (e i nostri diritti!),https://www.hermescenter.org/lancio-campagna-reclaimyourface/,,News; Press,,IT,3,0,https://www.hermescenter.org/wp-content/uploads/2020/11/1834-1024.png,data/posts/lancio-campagna-reclaimyourface/content.html
cose-il-riconoscimento-facciale-e-perche-ci-interessa,2020-11-18 15:00:00,2020-11-18T14:00:00Z,Cos’è il riconoscimento facciale e perché ci interessa,https://www.hermescenter.org/cose-il-riconoscimento-facciale-e-perche-ci-interessa/,,News; Press,,IT,1,0,,data/posts/cose-il-riconoscimento-facciale-e-perche-ci-interessa/content.html
pedinati-in-citta-reclaim-your-face,2020-11-26 15:00:00,2020-11-26T14:00:00Z,Pedinati in città,https://www.hermescenter.org/pedinati-in-citta-reclaim-your-face/,,News; Press,,IT,1,0,,data/posts/pedinati-in-citta-reclaim-your-face/content.html
hey-google-riconosci-la-mia-voce,2020-12-04 16:11:26,2020-12-04T15:11:26Z,“Hey Google! riconosci la mia voce?”,https://www.hermescenter.org/hey-google-riconosci-la-mia-voce/,,News; Press,,IT,1,0,,data/posts/hey-google-riconosci-la-mia-voce/content.html
riconosco-la-tua-voce-ma-tu-non-mi-conosci-le-vite-degli-altri,2020-12-11 12:53:00,2020-12-11T11:53:00Z,Riconosco la tua voce ma tu non mi conosci - le vite degli altri,https://www.hermescenter.org/riconosco-la-tua-voce-ma-tu-non-mi-conosci-le-vite-degli-altri/,,News; Press,,IT,1,0,,data/posts/riconosco-la-tua-voce-ma-tu-non-mi-conosci-le-vite-degli-altri/content.html
la-societa-civile-chiede-punti-fermi-nella-proposta-dellunione-europea-sullintelligenza-artificiale,2021-01-12 12:06:22,2021-01-12T11:06:22Z,La società civile chiede punti fermi nella proposta dell’Unione Europea sull’Intelligenza Artificiale,https://www.hermescenter.org/la-societa-civile-chiede-punti-fermi-nella-proposta-dellunione-europea-sullintelligenza-artificiale/,,News; Press,,IT,2,0,,data/posts/la-societa-civile-chiede-punti-fermi-nella-proposta-dellunione-europea-sullintelligenza-artificiale/content.html
il-ministero-dellinterno-vuole-utilizzare-il-riconoscimento-facciale-su-migranti-e-richiedenti-asilo,2021-01-15 11:15:14,2021-01-15T10:15:14Z,Il Ministero dell’Interno vuole utilizzare il riconoscimento facciale su migranti e richiedenti asilo,https://www.hermescenter.org/il-ministero-dellinterno-vuole-utilizzare-il-riconoscimento-facciale-su-migranti-e-richiedenti-asilo/,,News; Press,,IT,0,0,,data/posts/il-ministero-dellinterno-vuole-utilizzare-il-riconoscimento-facciale-su-migranti-e-richiedenti-asilo/content.html
la-soluzione-innovativa-di-torino-argo,2021-01-28 13:06:43,2021-01-28T12:06:43Z,La soluzione “innovativa” di Torino: Argo,https://www.hermescenter.org/la-soluzione-innovativa-di-torino-argo/,,News; Press,,IT,14,0,,data/posts/la-soluzione-innovativa-di-torino-argo/content.html
sorveglianza-biometrica-eci-milione,2021-02-18 12:02:26,2021-02-18T11:02:26Z,Un futuro senza sorveglianza biometrica di massa: l’iniziativa europea Reclaim Your Face punta al milione di firme,https://www.hermescenter.org/sorveglianza-biometrica-eci-milione/,,News; Press,,IT,0,0,,data/posts/sorveglianza-biometrica-eci-milione/content.html
61-associazioni-terreg-parlamento-europeo-proteggere-liberta-espressione,2021-03-25 10:07:09,2021-03-25T09:07:09Z,Insieme a 61 associazioni chiediamo al Parlamento europeo di proteggere la libertà di espressione,https://www.hermescenter.org/61-associazioni-terreg-parlamento-europeo-proteggere-liberta-espressione/,,News; Press,,IT,9,0,,data/posts/61-associazioni-terreg-parlamento-europeo-proteggere-liberta-espressione/content.html
aziende-scuole-aeroporti-riconoscimento-facciale-ovunque-reclaim-your-face,2021-03-30 10:41:02,2021-03-30T08:41:02Z,"Aziende, scuole, aeroporti e piazze: il riconoscimento facciale è ovunque. E sorveglia i cittadini europei",https://www.hermescenter.org/aziende-scuole-aeroporti-riconoscimento-facciale-ovunque-reclaim-your-face/,,News; Press,,IT,3,0,,data/posts/aziende-scuole-aeroporti-riconoscimento-facciale-ovunque-reclaim-your-face/content.html
primi-importanti-risultati-a-due-mesi-dal-lancio-di-riprenditi-la-faccia,2021-04-19 18:33:56,2021-04-19T16:33:56Z,Primi importanti risultati a due mesi dal lancio di Riprenditi la Faccia,https://www.hermescenter.org/primi-importanti-risultati-a-due-mesi-dal-lancio-di-riprenditi-la-faccia/,,News; Press,,IT,1,0,,data/posts/primi-importanti-risultati-a-due-mesi-dal-lancio-di-riprenditi-la-faccia/content.html
la-proposta-di-regolamento-sullai-della-commissione-europea-dimostra-esattamente-il-motivo-per-cui-chiediamo-un-divieto-della-sorveglianza-biometrica-,2021-04-22 12:03:30,2021-04-22T10:03:30Z,La proposta di Regolamento sull’AI della Commissione Europea dimostra esattamente il motivo per cui chiediamo un divieto della sorveglianza biometrica di massa,https://www.hermescenter.org/la-proposta-di-regolamento-sullai-della-commissione-europea-dimostra-esattamente-il-motivo-per-cui-chiediamo-un-divieto-della-sorveglianza-biometrica-di-massa/,,News; Press,,IT,0,0,,data/posts/la-proposta-di-regolamento-sullai-della-commissione-europea-dimostra-esattamente-il-motivo-per-cui-chiediamo-un-divieto-della-sorveglianza-biometrica-/content.html
centro-hermes-e-altre-associazioni-inviano-segnalazioni-reclami-contro-clearview-ai,2021-05-27 07:10:12,2021-05-27T05:10:12Z,Il Centro Hermes e altre 3 associazioni hanno inviato segnalazioni e reclami contro Clearview AI,https://www.hermescenter.org/centro-hermes-e-altre-associazioni-inviano-segnalazioni-reclami-contro-clearview-ai/,,News; Press,,IT,3,0,,data/posts/centro-hermes-e-altre-associazioni-inviano-segnalazioni-reclami-contro-clearview-ai/content.html
vivere-in-una-paperbagsociety,2021-06-17 09:56:02,2021-06-17T07:56:02Z,Vivere in una #PaperBagSociety,https://www.hermescenter.org/vivere-in-una-paperbagsociety/,,News; Press,,IT,2,0,,data/posts/vivere-in-una-paperbagsociety/content.html
shareart-e-rilevamento-del-volto-dei-visitatori-nei-musei-inviata-segnalazione-al-garante-privacy,2021-06-23 12:19:34,2021-06-23T10:19:34Z,ShareArt e rilevamento del volto dei visitatori nei musei: inviata segnalazione al Garante Privacy,https://www.hermescenter.org/shareart-e-rilevamento-del-volto-dei-visitatori-nei-musei-inviata-segnalazione-al-garante-privacy/,,News; Press,,IT,1,0,,data/posts/shareart-e-rilevamento-del-volto-dei-visitatori-nei-musei-inviata-segnalazione-al-garante-privacy/content.html
chi-cosa-perche-eci-riprenditilafaccia,2021-08-27 10:44:22,2021-08-27T08:44:22Z,"Chi, cosa, perché? La guida alla ECI #RiprenditiLaFaccia",https://www.hermescenter.org/chi-cosa-perche-eci-riprenditilafaccia/,,News; Press,BanBiometricMassSurveillance; Campaign; ECI; RYF; ReclaimYourFace; TakeAction; WhyECI,IT,6,0,,data/posts/chi-cosa-perche-eci-riprenditilafaccia/content.html
lettera-aperta-al-parlamento-eu-sulla-riforma-di-eurodac-le-nostre-preoccupazioni,2021-09-09 11:21:05,2021-09-09T09:21:05Z,Lettera aperta al Parlamento EU sulla riforma di EURODAC: le nostre preoccupazioni,https://www.hermescenter.org/lettera-aperta-al-parlamento-eu-sulla-riforma-di-eurodac-le-nostre-preoccupazioni/,,News; Press,#eurodac; #migranti,IT,0,1,,data/posts/lettera-aperta-al-parlamento-eu-sulla-riforma-di-eurodac-le-nostre-preoccupazioni/content.html
contro-gli-emendamenti-del-gruppo-epp-in-favore-della-sorveglianza-di-massa,2021-10-04 15:38:31,2021-10-04T13:38:31Z,Contro gli emendamenti del gruppo EPP in favore della sorveglianza di massa,https://www.hermescenter.org/contro-gli-emendamenti-del-gruppo-epp-in-favore-della-sorveglianza-di-massa/,,News; Press,,IT,5,0,,data/posts/contro-gli-emendamenti-del-gruppo-epp-in-favore-della-sorveglianza-di-massa/content.html
it__monitor-numero0,2021-11-06 09:39:00,2021-11-06T08:39:00Z,"Monitor numero 0, ottobre 2021",https://www.hermescenter.org/it/monitor-numero0/,/it_monitor-numero0/,/it/; Newsletter,,IT,6,0,,data/posts/it__monitor-numero0/content.html
nuovo-governo-germania-divieto-di-tecnologie-biometriche-impegno-coalizione,2021-11-25 13:22:00,2021-11-25T12:22:00Z,Nuovo governo in Germania: il divieto di tecnologie biometriche è un impegno preciso,https://www.hermescenter.org/nuovo-governo-germania-divieto-di-tecnologie-biometriche-impegno-coalizione/,,News; Press,,IT,4,0,,data/posts/nuovo-governo-germania-divieto-di-tecnologie-biometriche-impegno-coalizione/content.html
italia-moratoria-riconoscimento-facciale-ban-divieto,2021-12-02 08:30:51,2021-12-02T07:30:51Z,La moratoria sul riconoscimento facciale approvata ieri in Italia ci ricorda perché dobbiamo chiedere un divieto,https://www.hermescenter.org/italia-moratoria-riconoscimento-facciale-ban-divieto/,,News; Press,,IT,0,0,https://www.hermescenter.org/wp-content/uploads/2021/12/Italy-wins-banner-1200x350-c-default.png,data/posts/italia-moratoria-riconoscimento-facciale-ban-divieto/content.html
monitor-numero-1,2021-12-06 23:44:07,2021-12-06T22:44:07Z,"Monitor numero 1, novembre 2021",https://www.hermescenter.org/monitor-numero-1/,,News,,IT,8,0,,data/posts/monitor-numero-1/content.html
monitor-numero-2-gennaio-2022,2022-02-07 13:28:06,2022-02-07T12:28:06Z,"Monitor numero 2, gennaio 2022",https://www.hermescenter.org/monitor-numero-2-gennaio-2022/,,News,,IT,4,0,,data/posts/monitor-numero-2-gennaio-2022/content.html
clearview-ai-ha-monitorato-i-cittadini-italiani-garante-privacy-illegale,2022-03-10 11:51:24,2022-03-10T10:51:24Z,Clearview AI ha monitorato i cittadini italiani. Garante privacy: illegale,https://www.hermescenter.org/clearview-ai-ha-monitorato-i-cittadini-italiani-garante-privacy-illegale/,,News,,IT,6,0,,data/posts/clearview-ai-ha-monitorato-i-cittadini-italiani-garante-privacy-illegale/content.html
monitor-numero-3-febbraio-2022,2022-03-11 12:36:35,2022-03-11T11:36:35Z,"Monitor numero 3, febbraio 2022",https://www.hermescenter.org/monitor-numero-3-febbraio-2022/,,News,,IT,8,0,,data/posts/monitor-numero-3-febbraio-2022/content.html
it__la-guida-comoda-per-situazioni-scomode-creata-con-strali-ti-protegge-quando-vai-alle-manifestazioni,2022-06-07 14:22:42,2022-06-07T12:22:42Z,La Guida comoda per situazioni scomode creata con Strali ti protegge quando vai alle manifestazioni,https://www.hermescenter.org/it/la-guida-comoda-per-situazioni-scomode-creata-con-strali-ti-protegge-quando-vai-alle-manifestazioni/,,/it/; Uncategorized,,IT,0,0,,data/posts/it__la-guida-comoda-per-situazioni-scomode-creata-con-strali-ti-protegge-quando-vai-alle-manifestazioni/content.html
it__makhno-un-progetto-per-indagare-la-censura-sui-social-media,2022-06-15 16:17:45,2022-06-15T14:17:45Z,Makhno: un progetto per indagare la censura sui social media,https://www.hermescenter.org/it/makhno-un-progetto-per-indagare-la-censura-sui-social-media/,,/it/; Uncategorized,,IT,0,0,,data/posts/it__makhno-un-progetto-per-indagare-la-censura-sui-social-media/content.html
it__digitalizzazione-escludente,2023-01-30 16:29:18,2023-01-30T15:29:18Z,Digitalizzazione escludente,https://www.hermescenter.org/it/digitalizzazione-escludente/,/it_digitalizzazione-escludente/,/it/; Newsletter; Uncategorized,,IT,1,0,,data/posts/it__digitalizzazione-escludente/content.html
ai-act-non-accetteremo-nessun-passo-indietro-sul-divieto-al-riconoscimento-biometrico-negli-spazi-pubblici,2023-06-08 17:38:16,2023-06-08T15:38:16Z,AI Act: non accetteremo nessun passo indietro sul divieto al riconoscimento biometrico negli spazi pubblici.,https://www.hermescenter.org/ai-act-non-accetteremo-nessun-passo-indietro-sul-divieto-al-riconoscimento-biometrico-negli-spazi-pubblici/,,News; Press,,IT,0,0,,data/posts/ai-act-non-accetteremo-nessun-passo-indietro-sul-divieto-al-riconoscimento-biometrico-negli-spazi-pubblici/content.html
ai-act-voto-14-giugno-comunicato,2023-06-14 18:53:05,2023-06-14T16:53:05Z,"Approvato il regolamento sull’intelligenza artificiale al Parlamento Europeo. Bene il divieto di riconoscimento biometrico, ma andrebbe esteso anche ai migranti.",https://www.hermescenter.org/ai-act-voto-14-giugno-comunicato/,,News; Press,,IT,0,0,,data/posts/ai-act-voto-14-giugno-comunicato/content.html
riconoscimento-facciale-il-divieto-nei-luoghi-pubblici-durera-fino-al-2025-preoccupano-le-eccezioni,2023-06-23 18:32:57,2023-06-23T16:32:57Z,Riconoscimento facciale: il divieto nei luoghi pubblici durerà fino al 2025. Preoccupano le eccezioni,https://www.hermescenter.org/riconoscimento-facciale-il-divieto-nei-luoghi-pubblici-durera-fino-al-2025-preoccupano-le-eccezioni/,,News; Press,,IT,2,0,,data/posts/riconoscimento-facciale-il-divieto-nei-luoghi-pubblici-durera-fino-al-2025-preoccupano-le-eccezioni/content.html
triloghi-ue-lai-act-deve-garantire-il-rispetto-dei-diritti-del-cittadino,2023-07-13 11:09:23,2023-07-13T09:09:23Z,Triloghi UE: l’AI Act deve garantire il rispetto dei diritti del cittadino,https://www.hermescenter.org/triloghi-ue-lai-act-deve-garantire-il-rispetto-dei-diritti-del-cittadino/,,News; Press,,IT,10,0,,data/posts/triloghi-ue-lai-act-deve-garantire-il-rispetto-dei-diritti-del-cittadino/content.html
it__glovo-traccia-i-rider-anche-fuori-dallorario-di-lavoro,2023-10-12 10:52:03,2023-10-12T08:52:03Z,Glovo traccia i rider anche fuori dall’orario di lavoro,https://www.hermescenter.org/it/glovo-traccia-i-rider-anche-fuori-dallorario-di-lavoro/,/it_glovo-traccia-i-rider-anche-fuori-dallorario-di-lavoro/,/it/; Uncategorized,,IT,1,0,,data/posts/it__glovo-traccia-i-rider-anche-fuori-dallorario-di-lavoro/content.html
lai-act-e-a-rischio-e-la-colpa-e-anche-del-governo-italiano,2023-11-23 09:59:43,2023-11-23T08:59:43Z,"L’AI Act è a rischio, e la colpa è anche del governo italiano",https://www.hermescenter.org/lai-act-e-a-rischio-e-la-colpa-e-anche-del-governo-italiano/,,News,,IT,1,0,,data/posts/lai-act-e-a-rischio-e-la-colpa-e-anche-del-governo-italiano/content.html
it__autorita-nazionale-per-lintelligenza-artificiale-le-nostre-proposte,2024-03-22 13:03:07,2024-03-22T12:03:07Z,Autorità nazionale per l’intelligenza artificiale: le nostre proposte,https://www.hermescenter.org/it/autorita-nazionale-per-lintelligenza-artificiale-le-nostre-proposte/,,Press; /it/; Uncategorized,,IT,2,0,,data/posts/it__autorita-nazionale-per-lintelligenza-artificiale-le-nostre-proposte/content.html
intelligenza-artificiale-lettera-aperta-alle-istituzioni-per-una-governance-indipendente-e-inclusiva,2024-03-28 13:07:23,2024-03-28T12:07:23Z,Intelligenza Artificiale: lettera aperta alle istituzioni per una governance indipendente e inclusiva,https://www.hermescenter.org/intelligenza-artificiale-lettera-aperta-alle-istituzioni-per-una-governance-indipendente-e-inclusiva/,,News; Press,,IT,2,0,,data/posts/intelligenza-artificiale-lettera-aperta-alle-istituzioni-per-una-governance-indipendente-e-inclusiva/content.html
